{"cameraMode":{"drawMode":0,"name":"Shaded","section":"Shading Mode"},"sceneLighting":true,"audioPlay":false,"sceneViewState":{"m_AlwaysRefresh":false,"showFog":true,"showSkybox":true,"showFlares":true,"showImageEffects":true,"showParticleSystems":true,"showVisualEffectGraphs":true,"m_FxEnabled":true},"in2DMode":false,"pivot":{"x":-22.752819061279298,"y":-39.422210693359378,"z":717.9008178710938},"rotation":{"x":-0.051523178815841678,"y":0.5478888154029846,"z":-0.03409382700920105,"w":-0.8345944881439209},"size":248.73028564453126,"orthographic":false}