{"cameraMode":{"drawMode":0,"name":"Shaded","section":"Shading Mode"},"sceneLighting":true,"audioPlay":false,"sceneViewState":{"m_AlwaysRefresh":false,"showFog":true,"showSkybox":true,"showFlares":true,"showImageEffects":true,"showParticleSystems":true,"showVisualEffectGraphs":true,"m_FxEnabled":true},"in2DMode":false,"pivot":{"x":399.478271484375,"y":-108.42342376708985,"z":722.5492553710938},"rotation":{"x":0.31441980600357058,"y":0.44184228777885439,"z":-0.16693352162837983,"w":0.8236628770828247},"size":120.55946350097656,"orthographic":false}