{"cameraMode":{"drawMode":0,"name":"Shaded","section":"Shading Mode"},"sceneLighting":true,"audioPlay":false,"sceneViewState":{"m_AlwaysRefresh":false,"showFog":true,"showSkybox":true,"showFlares":true,"showImageEffects":true,"showParticleSystems":true,"showVisualEffectGraphs":true,"m_FxEnabled":true},"in2DMode":false,"pivot":{"x":301.81451416015627,"y":26.61957550048828,"z":479.6505432128906},"rotation":{"x":0.014410383068025113,"y":0.014073117636144162,"z":0.0005979472771286964,"w":1.0000483989715577},"size":0.21038436889648438,"orthographic":false}