{"cameraMode":{"drawMode":0,"name":"Shaded","section":"Shading Mode"},"sceneLighting":false,"audioPlay":false,"sceneViewState":{"m_AlwaysRefresh":false,"showFog":true,"showSkybox":false,"showFlares":true,"showImageEffects":true,"showParticleSystems":true,"showVisualEffectGraphs":true,"m_FxEnabled":true},"in2DMode":false,"pivot":{"x":-6.465908050537109,"y":0.6137745380401611,"z":1.9634370803833008},"rotation":{"x":0.07918903976678848,"y":-0.47676122188568118,"z":0.04316544160246849,"w":0.8744467496871948},"size":6.307333946228027,"orthographic":false}