{"cameraMode":{"drawMode":0,"name":"Shaded","section":"Shading Mode"},"sceneLighting":false,"audioPlay":false,"sceneViewState":{"m_AlwaysRefresh":false,"showFog":true,"showSkybox":false,"showFlares":true,"showImageEffects":true,"showParticleSystems":true,"showVisualEffectGraphs":true,"m_FxEnabled":true},"in2DMode":false,"pivot":{"x":-0.9837651252746582,"y":0.025220779702067376,"z":-1.443503975868225},"rotation":{"x":-0.27236565947532656,"y":0.05536791682243347,"z":-0.015688901767134668,"w":-0.9605147242546082},"size":0.9082801938056946,"orthographic":false}