{"cameraMode":{"drawMode":0,"name":"Shaded","section":"Shading Mode"},"sceneLighting":false,"audioPlay":false,"sceneViewState":{"m_AlwaysRefresh":false,"showFog":true,"showSkybox":false,"showFlares":true,"showImageEffects":true,"showParticleSystems":true,"showVisualEffectGraphs":true,"m_FxEnabled":true},"in2DMode":false,"pivot":{"x":-4.7024126052856449,"y":5.7665605545043949,"z":4.898257255554199},"rotation":{"x":0.01349091250449419,"y":0.8300230503082275,"z":-0.020220093429088594,"w":0.5572896599769592},"size":5.086106777191162,"orthographic":false}